,Date Created,Tweets
0,2023-02-09 10:49:07+00:00,https://pbs.twimg.com/media/FohPH0pXwAIzyQE?format=png&name=small
1,2023-02-09 10:49:07+00:00,https://pbs.twimg.com/media/FohPINuXwAAf9PR?format=jpg&name=small
2,2023-02-08 17:45:31+00:00,https://pbs.twimg.com/media/FodkwyFXEA4kHuD?format=png&name=small
3,2023-02-08 17:45:31+00:00,https://pbs.twimg.com/media/FodkxE0WcAAVZke?format=png&name=small
4,2023-02-08 17:45:31+00:00,https://pbs.twimg.com/media/FodkxapXEBEkESz?format=png&name=small
5,2023-02-08 17:45:31+00:00,https://pbs.twimg.com/media/FodlHKwXEC4ZkMN?format=jpg&name=small
6,2023-02-03 23:02:11+00:00,https://pbs.twimg.com/media/FoE9V80WIAIiQgN?format=png&name=small
7,2023-02-03 23:02:10+00:00,https://pbs.twimg.com/media/FoE8eVcXEAIavw4?format=png&name=small
8,2023-02-03 23:02:10+00:00,https://pbs.twimg.com/media/FoE9r3aWIAISLJc?format=jpg&name=small
9,2023-02-03 09:31:01+00:00,https://pbs.twimg.com/media/FoCDrUZXwAAVlvI?format=png&name=small
10,2023-02-03 09:31:01+00:00,https://pbs.twimg.com/media/FoCEBBPWQAEcmdX?format=jpg&name=small
11,2023-02-01 16:27:53+00:00,https://pbs.twimg.com/media/Fn5PZOlXkAMvKq6?format=png&name=small
12,2023-02-01 16:27:53+00:00,https://pbs.twimg.com/media/Fn5PZgaXEAAioam?format=png&name=small
13,2023-02-01 12:03:19+00:00,https://pbs.twimg.com/media/Fn4TDV7WIAEqHhx?format=png&name=small
14,2023-02-01 12:03:19+00:00,https://pbs.twimg.com/media/Fn4TDr_WYAA__a7?format=png&name=small
15,2023-02-01 12:03:19+00:00,https://pbs.twimg.com/media/Fn4TEBfWAAI_sse?format=png&name=small
16,2023-02-01 12:03:19+00:00,https://pbs.twimg.com/media/Fn4TdrlWIAEwAtw?format=jpg&name=small
17,2023-01-30 09:15:43+00:00,https://pbs.twimg.com/media/FntZ4ZRXgAI50-Q?format=png&name=small
18,2023-01-30 09:15:43+00:00,https://pbs.twimg.com/media/FntZ4n3XkAcV9Q9?format=png&name=small
19,2023-01-30 08:51:12+00:00,https://pbs.twimg.com/media/FntTu0tWQAA-Wts?format=png&name=small
20,2023-01-30 08:51:12+00:00,https://pbs.twimg.com/media/FntTvOsXoAAR4t4?format=jpg&name=small
21,2023-01-26 16:02:46+00:00,https://pbs.twimg.com/media/FnaQtqvXgAEdfyg?format=png&name=small
22,2023-01-26 16:02:46+00:00,https://pbs.twimg.com/media/FnaQt_XXkAAvaK7?format=jpg&name=small
23,2023-01-26 15:55:30+00:00,https://pbs.twimg.com/media/FnaPPE8XwAI53tb?format=png&name=small
24,2023-01-26 15:55:30+00:00,https://pbs.twimg.com/media/FnaPPYpXwAEowaD?format=png&name=small
25,2023-01-26 09:21:55+00:00,https://pbs.twimg.com/media/FnY1PGsX0AAy_kJ?format=jpg&name=small
26,2023-01-26 09:21:55+00:00,https://pbs.twimg.com/media/FnY1PGtXEAAo3cI?format=jpg&name=small
27,2023-01-26 09:21:55+00:00,https://pbs.twimg.com/media/FnY1PGxXwAAKqz_?format=jpg&name=small
28,2023-01-24 22:25:05+00:00,https://pbs.twimg.com/media/FnRU9r9WAAACkBR?format=jpg&name=small
29,2023-01-24 17:13:14+00:00,https://pbs.twimg.com/media/FnQNn-YWAA0fpBn?format=png&name=small
30,2023-01-24 17:13:14+00:00,https://pbs.twimg.com/media/FnQNoPYXkAE7Gtc?format=jpg&name=small
31,2023-01-23 20:22:41+00:00,https://pbs.twimg.com/media/FnLviaAXEAooL_S?format=png&name=small
32,2023-01-23 20:22:41+00:00,https://pbs.twimg.com/media/FnLviZ-XEAgJzH1?format=jpg&name=small
33,2023-01-22 12:05:42+00:00,https://pbs.twimg.com/media/FnEz4yIXEAAkYq4?format=png&name=small
34,2023-01-22 12:05:42+00:00,https://pbs.twimg.com/media/FnEz5EtX0AQ1-6P?format=png&name=small
35,2023-01-22 12:05:42+00:00,https://pbs.twimg.com/media/FnEz5ZQWIAAc-0g?format=png&name=small
36,2023-01-22 12:05:42+00:00,https://pbs.twimg.com/media/FnEz5zFWAAAdtZW?format=jpg&name=small
37,2023-01-20 19:46:09+00:00,https://pbs.twimg.com/media/Fm8KInPXgAg3_LI?format=png&name=small
38,2023-01-20 19:46:09+00:00,https://pbs.twimg.com/media/Fm8KJAHX0AIn1fz?format=jpg&name=small
39,2023-01-20 15:09:30+00:00,https://pbs.twimg.com/media/Fm7LCFvacAI9xAM?format=png&name=small
40,2023-01-20 15:09:30+00:00,https://pbs.twimg.com/media/Fm7LCf6akAMNLyp?format=jpg&name=small
41,2023-01-18 23:52:39+00:00,https://pbs.twimg.com/media/FmyvXSbXEAgngmP?format=png&name=small
42,2023-01-18 23:52:39+00:00,https://pbs.twimg.com/media/FmyvXm1XgAAoKA-?format=png&name=small
43,2023-01-18 23:52:39+00:00,https://pbs.twimg.com/media/FmyvX2fXkAUKAnP?format=png&name=small
44,2023-01-18 23:52:39+00:00,https://pbs.twimg.com/media/FmyvrbHXwAEI8Qa?format=jpg&name=small
45,2023-01-16 17:19:41+00:00,https://pbs.twimg.com/media/FmnCbPBWABYUsg7?format=png&name=small
46,2023-01-16 17:19:41+00:00,https://pbs.twimg.com/media/FmnCbzEWAAc9ZeE?format=jpg&name=small
47,2023-01-15 14:30:29+00:00,https://pbs.twimg.com/media/FmhSV2RX0AANoah?format=png&name=small
48,2023-01-15 14:30:29+00:00,https://pbs.twimg.com/media/FmhSWGnWQAAdAzV?format=jpg&name=small
49,2023-01-14 09:58:49+00:00,https://pbs.twimg.com/media/FmbKpeWXoAITEAj?format=jpg&name=small
50,2023-01-11 22:22:48+00:00,https://pbs.twimg.com/media/FmOYDP5WIAAaMQx?format=jpg&name=small
51,2023-01-10 23:17:33+00:00,https://pbs.twimg.com/media/FmJa_T0XgAEPY6q?format=png&name=small
52,2023-01-10 23:17:33+00:00,https://pbs.twimg.com/media/FmJa_lNWQAE3J3Q?format=jpg&name=small
53,2023-01-10 22:55:29+00:00,https://pbs.twimg.com/media/FmJV_VtWAAAMFYL?format=jpg&name=small
54,2023-01-10 21:23:14+00:00,https://pbs.twimg.com/media/FmJAl7AWQAAa0_k?format=png&name=small
55,2023-01-10 21:23:14+00:00,https://pbs.twimg.com/media/FmJAmvoX0AIpLnD?format=jpg&name=small
56,2023-01-10 20:56:08+00:00,https://pbs.twimg.com/media/FmI6auzWICkzT09?format=png&name=small
57,2023-01-10 20:56:08+00:00,https://pbs.twimg.com/media/FmI6bHuWIAAdn1J?format=jpg&name=small
58,2023-01-09 23:13:05+00:00,https://pbs.twimg.com/media/FmEQJn6XgAI1RM2?format=png&name=small
59,2023-01-09 23:13:05+00:00,https://pbs.twimg.com/media/FmEQJ5BWQAE2R3r?format=png&name=small
60,2023-01-09 23:13:05+00:00,https://pbs.twimg.com/media/FmEQTuYWIAEeTid?format=jpg&name=small
61,2023-01-08 10:50:14+00:00,https://pbs.twimg.com/media/Fl8capuX0AIJ_SY?format=png&name=small
62,2023-01-08 10:50:14+00:00,https://pbs.twimg.com/media/Fl8ca5UWQAAVkau?format=png&name=small
63,2023-01-08 10:50:14+00:00,https://pbs.twimg.com/media/Fl8cx-hWQAIaQFw?format=jpg&name=small
64,2023-01-05 22:57:23+00:00,https://pbs.twimg.com/media/Flvl7uEXgAA5hCZ?format=png&name=small
65,2023-01-05 22:57:23+00:00,https://pbs.twimg.com/media/FlvmHBTXkAE-8hd?format=jpg&name=small
66,2023-01-04 21:09:22+00:00,https://pbs.twimg.com/media/FlqDxNFXEA0Jh6q?format=jpg&name=small
67,2023-01-04 21:09:22+00:00,https://pbs.twimg.com/media/FlqDQhtWYAEOl8D?format=png&name=small
68,2023-01-04 21:09:22+00:00,https://pbs.twimg.com/media/FlqDQ7_XEAMtkY-?format=jpg&name=small
69,2023-01-04 21:09:21+00:00,https://pbs.twimg.com/media/FlqCV3hWABkUEM6?format=png&name=small
70,2023-01-04 21:09:21+00:00,https://pbs.twimg.com/media/FlqCX8pWABgXYmg?format=jpg&name=small
71,2023-01-04 14:48:15+00:00,https://pbs.twimg.com/media/FlostPiWQAANw7S?format=png&name=small
72,2023-01-04 14:48:15+00:00,https://pbs.twimg.com/media/Flosti_XgAAIt1k?format=png&name=small
73,2023-01-04 14:48:15+00:00,https://pbs.twimg.com/media/FlosxBLXEAMJlCx?format=jpg&name=small
74,2023-01-04 09:13:19+00:00,https://pbs.twimg.com/media/FlnfXSFWYAI3aGh?format=png&name=small
75,2023-01-04 09:13:19+00:00,https://pbs.twimg.com/media/FlnfXyCXwAAkdeg?format=jpg&name=small
76,2023-01-03 18:36:47+00:00,https://pbs.twimg.com/media/FlkXuZ7X0AEG00j?format=jpg&name=small
77,2023-01-03 18:36:47+00:00,https://pbs.twimg.com/media/FlkXuZ7XwAA_YkS?format=jpg&name=small
78,2023-01-03 18:36:47+00:00,https://pbs.twimg.com/media/FlkXuZyWIAEMCuz?format=jpg&name=small
79,2023-01-02 09:56:18+00:00,https://pbs.twimg.com/media/FldW5u4XEAEtIg9?format=png&name=small
80,2023-01-02 09:56:18+00:00,https://pbs.twimg.com/media/FldW6B8WYAMDjFU?format=jpg&name=small
81,2022-12-29 20:49:27+00:00,https://pbs.twimg.com/media/FlLFi4QWQAEesjX?format=png&name=small
82,2022-12-29 20:49:27+00:00,https://pbs.twimg.com/media/FlLFjEbXwAIs50q?format=png&name=small
83,2022-12-29 20:49:27+00:00,https://pbs.twimg.com/media/FlLFmr3XEAI_tEs?format=jpg&name=small
84,2022-12-29 12:17:47+00:00,https://pbs.twimg.com/media/FlJQ6OoX0AUI879?format=png&name=small
85,2022-12-29 12:17:47+00:00,https://pbs.twimg.com/media/FlJQ6jzX0AAuOWP?format=jpg&name=small
86,2022-12-28 10:42:58+00:00,https://pbs.twimg.com/media/FlDwfTHXkAAJuLm?format=png&name=small
87,2022-12-27 00:16:56+00:00,https://pbs.twimg.com/media/Fk8XfnpWQAEaCLQ?format=png&name=small
88,2022-12-27 00:16:56+00:00,https://pbs.twimg.com/media/Fk8Xf6EXEAADBn1?format=jpg&name=small
89,2022-12-26 19:15:19+00:00,https://pbs.twimg.com/media/Fk7TasdWYAkQVus?format=png&name=small
90,2022-12-26 19:15:19+00:00,https://pbs.twimg.com/media/Fk7Ta9RWAAIoeZ2?format=jpg&name=small
91,2022-12-22 09:05:24+00:00,https://pbs.twimg.com/media/FkkhwpeWIAMbeFE?format=png&name=small
92,2022-12-22 09:05:24+00:00,https://pbs.twimg.com/media/FkkhxN4XoAIltav?format=jpg&name=small
93,2022-12-21 17:32:28+00:00,https://pbs.twimg.com/media/FkhLfssX0AEX22j?format=png&name=small
94,2022-12-21 17:32:28+00:00,https://pbs.twimg.com/media/FkhLf7YWQAEKcGu?format=jpg&name=small
95,2022-12-21 11:41:09+00:00,https://pbs.twimg.com/media/Fkf7eknXEAAzcmt?format=png&name=small
96,2022-12-21 11:41:09+00:00,https://pbs.twimg.com/media/Fkf7e7HWAAEWVD3?format=png&name=small
97,2022-12-21 11:41:09+00:00,https://pbs.twimg.com/media/Fkf7lEvXEAMlZbw?format=jpg&name=small
98,2022-12-18 11:04:00+00:00,https://pbs.twimg.com/media/FkQWOIbXgAI9HiV?format=png&name=small
99,2022-12-18 11:04:00+00:00,https://pbs.twimg.com/media/FkQWOIYXwAA9p-H?format=jpg&name=small
100,2022-12-14 14:03:35+00:00,https://pbs.twimg.com/media/Fj8Y9KtWQAM7Iet?format=png&name=small
101,2022-12-14 14:03:35+00:00,https://pbs.twimg.com/media/Fj8Y9lUXwAEDkZL?format=jpg&name=small
102,2022-12-14 00:23:37+00:00,https://pbs.twimg.com/media/Fj5dkivWYAEK4O-?format=png&name=small
103,2022-12-14 00:23:37+00:00,https://pbs.twimg.com/media/Fj5dkxqWIAE044s?format=png&name=small
104,2022-12-13 01:01:56+00:00,https://pbs.twimg.com/media/Fj0chiBX0AAKHT4?format=png&name=small
105,2022-12-13 01:01:56+00:00,https://pbs.twimg.com/media/Fj0chxJXwAY0IbV?format=jpg&name=small
106,2022-12-12 16:08:05+00:00,https://pbs.twimg.com/media/Fjyif23XEAEGbLE?format=png&name=small
107,2022-12-12 16:08:05+00:00,https://pbs.twimg.com/media/FjyigNKXgAI0rdY?format=jpg&name=small
108,2022-12-11 12:43:35+00:00,https://pbs.twimg.com/media/Fjsp1g9WIAIFRPt?format=png&name=small
109,2022-12-11 12:43:35+00:00,https://pbs.twimg.com/media/Fjsp2KTXoAENvWV?format=jpg&name=small
110,2022-12-10 10:19:40+00:00,https://pbs.twimg.com/media/Fjm_hRKXkAINJM-?format=png&name=small
111,2022-12-10 10:19:40+00:00,https://pbs.twimg.com/media/Fjm_hvIXEAEK1O4?format=jpg&name=small
112,2022-12-09 13:24:53+00:00,https://pbs.twimg.com/media/Fjif6iyXEAAyROj?format=png&name=small
113,2022-12-09 13:24:53+00:00,https://pbs.twimg.com/media/Fjif7VCXoAAa7zK?format=jpg&name=small
114,2022-12-09 13:24:53+00:00,https://pbs.twimg.com/media/Fjif8I_WQAQUzYc?format=jpg&name=small
115,2022-12-07 21:14:23+00:00,https://pbs.twimg.com/media/FjZ4Cz-XEBQVQhV?format=png&name=small
116,2022-12-07 21:14:23+00:00,https://pbs.twimg.com/media/FjZ4D-MXwAAPUq_?format=png&name=small
117,2022-12-07 21:14:23+00:00,https://pbs.twimg.com/media/FjZ4tFeXEBYbhP8?format=jpg&name=small
118,2022-12-06 12:58:02+00:00,https://pbs.twimg.com/media/FjS9R8RXwAAQyQo?format=png&name=small
119,2022-12-06 12:58:02+00:00,https://pbs.twimg.com/media/FjS9SiKXwAoVbqv?format=png&name=small
120,2022-12-06 12:58:02+00:00,https://pbs.twimg.com/media/FjS9Sj1XwAAR3Qh?format=png&name=small
121,2022-12-06 11:16:53+00:00,https://pbs.twimg.com/media/FjSmVR-WYAA3Xq2?format=png&name=small
122,2022-12-06 11:16:53+00:00,https://pbs.twimg.com/media/FjSmckeWIAEJPLc?format=jpg&name=small
123,2022-12-06 10:08:15+00:00,https://pbs.twimg.com/media/FjSWWj-WAAA-8hJ?format=png&name=small
124,2022-12-06 10:08:15+00:00,https://pbs.twimg.com/media/FjSWW5lX0AE1-DO?format=png&name=small
125,2022-12-06 10:08:15+00:00,https://pbs.twimg.com/media/FjSWXPIXwAAGq5E?format=png&name=small
126,2022-12-06 10:08:15+00:00,https://pbs.twimg.com/media/FjSWXxkXkAEiiM3?format=jpg&name=small
127,2022-12-05 10:02:57+00:00,https://pbs.twimg.com/media/FjNL3BBX0AA4aA_?format=png&name=small
128,2022-12-05 10:02:57+00:00,https://pbs.twimg.com/media/FjNL4exWIAAhS9r?format=jpg&name=small
129,2022-12-04 11:36:04+00:00,https://pbs.twimg.com/media/FjIXpCZXkAAnw5r?format=jpg&name=small
130,2022-11-30 16:13:29+00:00,https://pbs.twimg.com/media/Fi0wlELXkAEVq-y?format=png&name=small
131,2022-11-30 16:13:29+00:00,https://pbs.twimg.com/media/Fi0wlM-WQAULwCN?format=png&name=small
132,2022-11-30 16:13:29+00:00,https://pbs.twimg.com/media/Fi0wlg-XoAAoVu8?format=png&name=small
133,2022-11-30 15:33:27+00:00,https://pbs.twimg.com/media/Fi0nZuzXoAIyItg?format=jpg&name=small
134,2022-11-29 12:41:33+00:00,https://pbs.twimg.com/media/Fiu2TuRXgAYXHXn?format=png&name=small
135,2022-11-29 12:41:33+00:00,https://pbs.twimg.com/media/Fiu2UD3XoAATda5?format=jpg&name=small
136,2022-11-26 20:05:32+00:00,https://pbs.twimg.com/media/Fig_cX-XkAAwkOd?format=png&name=small
137,2022-11-26 20:05:32+00:00,https://pbs.twimg.com/media/Fig_cXtWQAIcJvP?format=png&name=small
